Sequence,Entropy
Sequence,Entropy
Sequence,Entropy
Sequence,Entropy
Sequence,Entropy
Sequence,Entropy
Sequence,Entropy
Sequence,Entropy
Sequence,Entropy
Sequence,Entropy
Sequence,Entropy
Sequence,Entropy
Sequence,Entropy
Sequence,Entropy
Sequence,Entropy
Sequence,Entropy
Sequence,Entropy
Sequence,Entropy
Sequence,Entropy
Sequence,Entropy
Sequence,Entropy
Sequence,Entropy
Sequence,Entropy
Sequence,Entropy
Sequence,Entropy
Sequence,Entropy
Sequence,Entropy
Sequence,Entropy
Sequence,Entropy
Sequence,Entropy
Sequence,Entropy
Sequence,Entropy
Sequence,Entropy
Sequence,Entropy
Sequence,Entropy
Sequence,Entropy
Sequence,Entropy
Sequence,Entropy
Sequence,Entropy
Sequence,Entropy
Sequence,Entropy
Sequence,Entropy
Sequence,Entropy
Sequence,Entropy
Sequence,Entropy
Sequence,Entropy
Sequence,Entropy
Sequence,Entropy
Sequence,Entropy
Sequence,Entropy
Sequence,Entropy
Sequence,Entropy
Sequence,Entropy
Sequence,Entropy
Sequence,Entropy
Sequence,Entropy
Sequence,Entropy
Sequence,Entropy
Sequence,Entropy
Sequence,Entropy
Sequence,Entropy
Sequence,Entropy
Sequence,Entropy
Sequence,Entropy
Sequence,Entropy
Sequence,Entropy
Sequence,Entropy
Sequence,Entropy
Sequence,Entropy
Sequence,Entropy
Sequence,Entropy
Sequence,Entropy
Sequence,Entropy
Sequence,Entropy
Sequence,Entropy
Sequence,Entropy
Sequence,Entropy
Sequence,Entropy
Sequence,Entropy
Sequence,Entropy
Sequence,Entropy
Sequence,Entropy
Sequence,Entropy
Sequence,Entropy
Sequence,Entropy
Sequence,Entropy
Sequence,Entropy
Sequence,Entropy
Sequence,Entropy
Sequence,Entropy
Sequence,Entropy
Sequence,Entropy
Sequence,Entropy
Sequence,Entropy
Sequence,Entropy
Sequence,Entropy
Sequence,Entropy
Sequence,Entropy
Sequence,Entropy
Sequence,Entropy
Sequence,Entropy
Sequence,Entropy
Sequence,Entropy
Sequence,Entropy
Sequence,Entropy
Sequence,Entropy
Sequence,Entropy
Sequence,Entropy
Sequence,Entropy
Sequence,Entropy
Sequence,Entropy
Sequence,Entropy
Sequence,Entropy
Sequence,Entropy
Sequence,Entropy
Sequence,Entropy
Sequence,Entropy
Sequence,Entropy
Sequence,Entropy
Sequence,Entropy
Sequence,Entropy
Sequence,Entropy
Sequence,Entropy
Sequence,Entropy
Sequence,Entropy
Sequence,Entropy
Sequence,Entropy
Sequence,Entropy
Sequence,Entropy
Sequence,Entropy
Sequence,Entropy
Sequence,Entropy
Sequence,Entropy
Sequence,Entropy
Sequence,Entropy
Sequence,Entropy
Sequence,Entropy
Sequence,Entropy
Sequence,Entropy
Sequence,Entropy
Sequence,Entropy
Sequence,Entropy
Sequence,Entropy
Sequence,Entropy
Sequence,Entropy
Sequence,Entropy
Sequence,Entropy
Sequence,Entropy
Sequence,Entropy
Sequence,Entropy
Sequence,Entropy
Sequence,Entropy
Sequence,Entropy
Sequence,Entropy
Sequence,Entropy
Sequence,Entropy
Sequence,Entropy
Sequence,Entropy
Sequence,Entropy
Sequence,Entropy
Sequence,Entropy
Sequence,Entropy
Sequence,Entropy
Sequence,Entropy
Sequence,Entropy
Sequence,Entropy
Sequence,Entropy
Sequence,Entropy
Sequence,Entropy
Sequence,Entropy
Sequence,Entropy
Sequence,Entropy
Sequence,Entropy
Sequence,Entropy
Sequence,Entropy
Sequence,Entropy
Sequence,Entropy
Sequence,Entropy
Sequence,Entropy
Sequence,Entropy
Sequence,Entropy
Sequence,Entropy
Sequence,Entropy
Sequence,Entropy
Sequence,Entropy
Sequence,Entropy
Sequence,Entropy
Sequence,Entropy
Sequence,Entropy
Sequence,Entropy
Sequence,Entropy
Sequence,Entropy
Sequence,Entropy
Sequence,Entropy
Sequence,Entropy
Sequence,Entropy
Sequence,Entropy
Sequence,Entropy
Sequence,Entropy
Sequence,Entropy
Sequence,Entropy
Sequence,Entropy
Sequence,Entropy
Sequence,Entropy
Sequence,Entropy
Sequence,Entropy
Sequence,Entropy
Sequence,Entropy
Sequence,Entropy
Sequence,Entropy
Sequence,Entropy
Sequence,Entropy
Sequence,Entropy
Sequence,Entropy
Sequence,Entropy
Sequence,Entropy
Sequence,Entropy
Sequence,Entropy
Sequence,Entropy
Sequence,Entropy
Sequence,Entropy
Sequence,Entropy
Sequence,Entropy
Sequence,Entropy
Sequence,Entropy
Sequence,Entropy
Sequence,Entropy
Sequence,Entropy
Sequence,Entropy
Sequence,Entropy
Sequence,Entropy
Sequence,Entropy
Sequence,Entropy
Sequence,Entropy
Sequence,Entropy
Sequence,Entropy
Sequence,Entropy
Sequence,Entropy
Sequence,Entropy
Sequence,Entropy
Sequence,Entropy
Sequence,Entropy
Sequence,Entropy
Sequence,Entropy
Sequence,Entropy
Sequence,Entropy
Sequence,Entropy
Sequence,Entropy
Sequence,Entropy
Sequence,Entropy
Sequence,Entropy
Sequence,Entropy
Sequence,Entropy
Sequence,Entropy
Sequence,Entropy
Sequence,Entropy
Sequence,Entropy
Sequence,Entropy
Sequence,Entropy
Sequence,Entropy
Sequence,Entropy
Sequence,Entropy
Sequence,Entropy
Sequence,Entropy
Sequence,Entropy
Sequence,Entropy
Sequence,Entropy
Sequence,Entropy
Sequence,Entropy
Sequence,Entropy
Sequence,Entropy
Sequence,Entropy
Sequence,Entropy
Sequence,Entropy
Sequence,Entropy
Sequence,Entropy
Sequence,Entropy
Sequence,Entropy
Sequence,Entropy
Sequence,Entropy
Sequence,Entropy
Sequence,Entropy
Sequence,Entropy
Sequence,Entropy
Sequence,Entropy
Sequence,Entropy
Sequence,Entropy
Sequence,Entropy
Sequence,Entropy
Sequence,Entropy
Sequence,Entropy
Sequence,Entropy
Sequence,Entropy
Sequence,Entropy
Sequence,Entropy
Sequence,Entropy
Sequence,Entropy
Sequence,Entropy
Sequence,Entropy
Sequence,Entropy
Sequence,Entropy
Sequence,Entropy
Sequence,Entropy
Sequence,Entropy
Sequence,Entropy
Sequence,Entropy
Sequence,Entropy
Sequence,Entropy
Sequence,Entropy
Sequence,Entropy
Sequence,Entropy
Sequence,Entropy
Sequence,Entropy
Sequence,Entropy
Sequence,Entropy
Sequence,Entropy
Sequence,Entropy
Sequence,Entropy
Sequence,Entropy
Sequence,Entropy
Sequence,Entropy
Sequence,Entropy
Sequence,Entropy
Sequence,Entropy
Sequence,Entropy
Sequence,Entropy
Sequence,Entropy
Sequence,Entropy
Sequence,Entropy
Sequence,Entropy
Sequence,Entropy
Sequence,Entropy
Sequence,Entropy
Sequence,Entropy
Sequence,Entropy
Sequence,Entropy
Sequence,Entropy
Sequence,Entropy
Sequence,Entropy
Sequence,Entropy
Sequence,Entropy
Sequence,Entropy
Sequence,Entropy
Sequence,Entropy
Sequence,Entropy
Sequence,Entropy
Sequence,Entropy
Sequence,Entropy
Sequence,Entropy
Sequence,Entropy
Sequence,Entropy
Sequence,Entropy
Sequence,Entropy
Sequence,Entropy
Sequence,Entropy
Sequence,Entropy
Sequence,Entropy
Sequence,Entropy
Sequence,Entropy
Sequence,Entropy
Sequence,Entropy
Sequence,Entropy
Sequence,Entropy
Sequence,Entropy
Sequence,Entropy
Sequence,Entropy
Sequence,Entropy
Sequence,Entropy
Sequence,Entropy
Sequence,Entropy
Sequence,Entropy
Sequence,Entropy
Sequence,Entropy
Sequence,Entropy
Sequence,Entropy
Sequence,Entropy
Sequence,Entropy
Sequence,Entropy
Sequence,Entropy
Sequence,Entropy
Sequence,Entropy
Sequence,Entropy
Sequence,Entropy
Sequence,Entropy
Sequence,Entropy
Sequence,Entropy
Sequence,Entropy
Sequence,Entropy
Sequence,Entropy
Sequence,Entropy
Sequence,Entropy
Sequence,Entropy
Sequence,Entropy
Sequence,Entropy
Sequence,Entropy
Sequence,Entropy
Sequence,Entropy
Sequence,Entropy
Sequence,Entropy
Sequence,Entropy
Sequence,Entropy
Sequence,Entropy
Sequence,Entropy
Sequence,Entropy
Sequence,Entropy
Sequence,Entropy
Sequence,Entropy
Sequence,Entropy
Sequence,Entropy
Sequence,Entropy
Sequence,Entropy
Sequence,Entropy
Sequence,Entropy
Sequence,Entropy
Sequence,Entropy
Sequence,Entropy
Sequence,Entropy
Sequence,Entropy
Sequence,Entropy
Sequence,Entropy
Sequence,Entropy
Sequence,Entropy
Sequence,Entropy
Sequence,Entropy
Sequence,Entropy
Sequence,Entropy
Sequence,Entropy
Sequence,Entropy
Sequence,Entropy
Sequence,Entropy
Sequence,Entropy
Sequence,Entropy
Sequence,Entropy
Sequence,Entropy
Sequence,Entropy
Sequence,Entropy
Sequence,Entropy
Sequence,Entropy
Sequence,Entropy
Sequence,Entropy
Sequence,Entropy
Sequence,Entropy
Sequence,Entropy
Sequence,Entropy
Sequence,Entropy
Sequence,Entropy
Sequence,Entropy
Sequence,Entropy
Sequence,Entropy
Sequence,Entropy
Sequence,Entropy
Sequence,Entropy
Sequence,Entropy
Sequence,Entropy
Sequence,Entropy
Sequence,Entropy
Sequence,Entropy
Sequence,Entropy
Sequence,Entropy
Sequence,Entropy
Sequence,Entropy
Sequence,Entropy
Sequence,Entropy
Sequence,Entropy
Sequence,Entropy
Sequence,Entropy
Sequence,Entropy
Sequence,Entropy
Sequence,Entropy
Sequence,Entropy
Sequence,Entropy
Sequence,Entropy
Sequence,Entropy
Sequence,Entropy
Sequence,Entropy
Sequence,Entropy
Sequence,Entropy
Sequence,Entropy
Sequence,Entropy
Sequence,Entropy
Sequence,Entropy
Sequence,Entropy
Sequence,Entropy
Sequence,Entropy
Sequence,Entropy
Sequence,Entropy
Sequence,Entropy
Sequence,Entropy
Sequence,Entropy
Sequence,Entropy
Sequence,Entropy
Sequence,Entropy
Sequence,Entropy
Sequence,Entropy
Sequence,Entropy
Sequence,Entropy
Sequence,Entropy
Sequence,Entropy
Sequence,Entropy
Sequence,Entropy
Sequence,Entropy
Sequence,Entropy
Sequence,Entropy
Sequence,Entropy
Sequence,Entropy
Sequence,Entropy
Sequence,Entropy
Sequence,Entropy
Sequence,Entropy
Sequence,Entropy
Sequence,Entropy
Sequence,Entropy
Sequence,Entropy
Sequence,Entropy
Sequence,Entropy
Sequence,Entropy
Sequence,Entropy
Sequence,Entropy
Sequence,Entropy
Sequence,Entropy
Sequence,Entropy
Sequence,Entropy
Sequence,Entropy
Sequence,Entropy
Sequence,Entropy
Sequence,Entropy
Sequence,Entropy
Sequence,Entropy
Sequence,Entropy
Sequence,Entropy
Sequence,Entropy
Sequence,Entropy
Sequence,Entropy
Sequence,Entropy
Sequence,Entropy
Sequence,Entropy
Sequence,Entropy
Sequence,Entropy
Sequence,Entropy
Sequence,Entropy
Sequence,Entropy
Sequence,Entropy
Sequence,Entropy
Sequence,Entropy
Sequence,Entropy
Sequence,Entropy
Sequence,Entropy
Sequence,Entropy
Sequence,Entropy
Sequence,Entropy
Sequence,Entropy
Sequence,Entropy
Sequence,Entropy
Sequence,Entropy
Sequence,Entropy
Sequence,Entropy
Sequence,Entropy
Sequence,Entropy
Sequence,Entropy
Sequence,Entropy
Sequence,Entropy
Sequence,Entropy
Sequence,Entropy
Sequence,Entropy
Sequence,Entropy
Sequence,Entropy
Sequence,Entropy
Sequence,Entropy
Sequence,Entropy
Sequence,Entropy
Sequence,Entropy
Sequence,Entropy
Sequence,Entropy
Sequence,Entropy
Sequence,Entropy
Sequence,Entropy
Sequence,Entropy
Sequence,Entropy
Sequence,Entropy
Sequence,Entropy
Sequence,Entropy
Sequence,Entropy
Sequence,Entropy
Sequence,Entropy
Sequence,Entropy
Sequence,Entropy
Sequence,Entropy
Sequence,Entropy
Sequence,Entropy
Sequence,Entropy
Sequence,Entropy
Sequence,Entropy
Sequence,Entropy
Sequence,Entropy
Sequence,Entropy
Sequence,Entropy
Sequence,Entropy
Sequence,Entropy
Sequence,Entropy
Sequence,Entropy
Sequence,Entropy
Sequence,Entropy
Sequence,Entropy
Sequence,Entropy
Sequence,Entropy
Sequence,Entropy
Sequence,Entropy
Sequence,Entropy
Sequence,Entropy
Sequence,Entropy
Sequence,Entropy
Sequence,Entropy
Sequence,Entropy
Sequence,Entropy
Sequence,Entropy
Sequence,Entropy
Sequence,Entropy
Sequence,Entropy
Sequence,Entropy
Sequence,Entropy
Sequence,Entropy
Sequence,Entropy
Sequence,Entropy
Sequence,Entropy
Sequence,Entropy
Sequence,Entropy
Sequence,Entropy
Sequence,Entropy
Sequence,Entropy
Sequence,Entropy
Sequence,Entropy
Sequence,Entropy
Sequence,Entropy
Sequence,Entropy
Sequence,Entropy
Sequence,Entropy
Sequence,Entropy
Sequence,Entropy
Sequence,Entropy
Sequence,Entropy
Sequence,Entropy
Sequence,Entropy
Sequence,Entropy
Sequence,Entropy
Sequence,Entropy
Sequence,Entropy
Sequence,Entropy
Sequence,Entropy
Sequence,Entropy
Sequence,Entropy
Sequence,Entropy
Sequence,Entropy
Sequence,Entropy
Sequence,Entropy
Sequence,Entropy
Sequence,Entropy
Sequence,Entropy
Sequence,Entropy
Sequence,Entropy
Sequence,Entropy
Sequence,Entropy
Sequence,Entropy
Sequence,Entropy
Sequence,Entropy
Sequence,Entropy
Sequence,Entropy
Sequence,Entropy
Sequence,Entropy
Sequence,Entropy
Sequence,Entropy
Sequence,Entropy
Sequence,Entropy
Sequence,Entropy
Sequence,Entropy
Sequence,Entropy
Sequence,Entropy
Sequence,Entropy
Sequence,Entropy
Sequence,Entropy
Sequence,Entropy
Sequence,Entropy
Sequence,Entropy
Sequence,Entropy
Sequence,Entropy
Sequence,Entropy
Sequence,Entropy
Sequence,Entropy
Sequence,Entropy
Sequence,Entropy
Sequence,Entropy
Sequence,Entropy
Sequence,Entropy
Sequence,Entropy
Sequence,Entropy
Sequence,Entropy
Sequence,Entropy
Sequence,Entropy
Sequence,Entropy
Sequence,Entropy
Sequence,Entropy
Sequence,Entropy
Sequence,Entropy
Sequence,Entropy
Sequence,Entropy
Sequence,Entropy
Sequence,Entropy
Sequence,Entropy
Sequence,Entropy
Sequence,Entropy
Sequence,Entropy
Sequence,Entropy
Sequence,Entropy
Sequence,Entropy
Sequence,Entropy
Sequence,Entropy
Sequence,Entropy
Sequence,Entropy
Sequence,Entropy
Sequence,Entropy
Sequence,Entropy
Sequence,Entropy
Sequence,Entropy
Sequence,Entropy
Sequence,Entropy
Sequence,Entropy
Sequence,Entropy
Sequence,Entropy
Sequence,Entropy
Sequence,Entropy
Sequence,Entropy
Sequence,Entropy
Sequence,Entropy
Sequence,Entropy
Sequence,Entropy
Sequence,Entropy
Sequence,Entropy
Sequence,Entropy
Sequence,Entropy
Sequence,Entropy
Sequence,Entropy
Sequence,Entropy
Sequence,Entropy
Sequence,Entropy
Sequence,Entropy
Sequence,Entropy
Sequence,Entropy
Sequence,Entropy
Sequence,Entropy
Sequence,Entropy
Sequence,Entropy
Sequence,Entropy
Sequence,Entropy
Sequence,Entropy
Sequence,Entropy
Sequence,Entropy
Sequence,Entropy
Sequence,Entropy
Sequence,Entropy
Sequence,Entropy
Sequence,Entropy
Sequence,Entropy
Sequence,Entropy
Sequence,Entropy
Sequence,Entropy
Sequence,Entropy
Sequence,Entropy
Sequence,Entropy
Sequence,Entropy
Sequence,Entropy
Sequence,Entropy
Sequence,Entropy
Sequence,Entropy
Sequence,Entropy
Sequence,Entropy
Sequence,Entropy
Sequence,Entropy
Sequence,Entropy
Sequence,Entropy
Sequence,Entropy
Sequence,Entropy
Sequence,Entropy
Sequence,Entropy
Sequence,Entropy
Sequence,Entropy
Sequence,Entropy
Sequence,Entropy
Sequence,Entropy
Sequence,Entropy
Sequence,Entropy
Sequence,Entropy
Sequence,Entropy
Sequence,Entropy
Sequence,Entropy
Sequence,Entropy
Sequence,Entropy
Sequence,Entropy
Sequence,Entropy
Sequence,Entropy
Sequence,Entropy
Sequence,Entropy
Sequence,Entropy
Sequence,Entropy
Sequence,Entropy
Sequence,Entropy
Sequence,Entropy
Sequence,Entropy
Sequence,Entropy
Sequence,Entropy
Sequence,Entropy
Sequence,Entropy
Sequence,Entropy
Sequence,Entropy
Sequence,Entropy
Sequence,Entropy
Sequence,Entropy
Sequence,Entropy
Sequence,Entropy
Sequence,Entropy
Sequence,Entropy
Sequence,Entropy
Sequence,Entropy
Sequence,Entropy
Sequence,Entropy
Sequence,Entropy
Sequence,Entropy
Sequence,Entropy
Sequence,Entropy
Sequence,Entropy
Sequence,Entropy
Sequence,Entropy
Sequence,Entropy
Sequence,Entropy
Sequence,Entropy
Sequence,Entropy
Sequence,Entropy
Sequence,Entropy
Sequence,Entropy
Sequence,Entropy
Sequence,Entropy
Sequence,Entropy
Sequence,Entropy
Sequence,Entropy
Sequence,Entropy
Sequence,Entropy
Sequence,Entropy
Sequence,Entropy
Sequence,Entropy
Sequence,Entropy
Sequence,Entropy
Sequence,Entropy
Sequence,Entropy
Sequence,Entropy
Sequence,Entropy
Sequence,Entropy
Sequence,Entropy
Sequence,Entropy
Sequence,Entropy
Sequence,Entropy
Sequence,Entropy
Sequence,Entropy
Sequence,Entropy
Sequence,Entropy
Sequence,Entropy
Sequence,Entropy
Sequence,Entropy
Sequence,Entropy
Sequence,Entropy
Sequence,Entropy
Sequence,Entropy
Sequence,Entropy
Sequence,Entropy
Sequence,Entropy
Sequence,Entropy
Sequence,Entropy
Sequence,Entropy
Sequence,Entropy
Sequence,Entropy
Sequence,Entropy
Sequence,Entropy
Sequence,Entropy
Sequence,Entropy
Sequence,Entropy
Sequence,Entropy
Sequence,Entropy
Sequence,Entropy
Sequence,Entropy
Sequence,Entropy
Sequence,Entropy
Sequence,Entropy
Sequence,Entropy
Sequence,Entropy
Sequence,Entropy
Sequence,Entropy
Sequence,Entropy
Sequence,Entropy
Sequence,Entropy
Sequence,Entropy
Sequence,Entropy
Sequence,Entropy
Sequence,Entropy
Sequence,Entropy
Sequence,Entropy
Sequence,Entropy
Sequence,Entropy
Sequence,Entropy
Sequence,Entropy
Sequence,Entropy
Sequence,Entropy
Sequence,Entropy
Sequence,Entropy
Sequence,Entropy
Sequence,Entropy
Sequence,Entropy
Sequence,Entropy
Sequence,Entropy
Sequence,Entropy
Sequence,Entropy
Sequence,Entropy
Sequence,Entropy
Sequence,Entropy
Sequence,Entropy
Sequence,Entropy
Sequence,Entropy
Sequence,Entropy
Sequence,Entropy
Sequence,Entropy
Sequence,Entropy
Sequence,Entropy
Sequence,Entropy
Sequence,Entropy
Sequence,Entropy
Sequence,Entropy
Sequence,Entropy
Sequence,Entropy
Sequence,Entropy
Sequence,Entropy
Sequence,Entropy
Sequence,Entropy
Sequence,Entropy
Sequence,Entropy
Sequence,Entropy
Sequence,Entropy
Sequence,Entropy
Sequence,Entropy
Sequence,Entropy
Sequence,Entropy
Sequence,Entropy
Sequence,Entropy
Sequence,Entropy
Sequence,Entropy
Sequence,Entropy
Sequence,Entropy
Sequence,Entropy
Sequence,Entropy
Sequence,Entropy
Sequence,Entropy
Sequence,Entropy
Sequence,Entropy
Sequence,Entropy
Sequence,Entropy
Sequence,Entropy
Sequence,Entropy
Sequence,Entropy
Sequence,Entropy
Sequence,Entropy
Sequence,Entropy
Sequence,Entropy
Sequence,Entropy
Sequence,Entropy
Sequence,Entropy
Sequence,Entropy
Sequence,Entropy
Sequence,Entropy
Sequence,Entropy
Sequence,Entropy
Sequence,Entropy
Sequence,Entropy
Sequence,Entropy
Sequence,Entropy
Sequence,Entropy
Sequence,Entropy
Sequence,Entropy
Sequence,Entropy
Sequence,Entropy
Sequence,Entropy
Sequence,Entropy
Sequence,Entropy
Sequence,Entropy
Sequence,Entropy
Sequence,Entropy
Sequence,Entropy
Sequence,Entropy
Sequence,Entropy
Sequence,Entropy
Sequence,Entropy
Sequence,Entropy
Sequence,Entropy
Sequence,Entropy
Sequence,Entropy
Sequence,Entropy
Sequence,Entropy
Sequence,Entropy
Sequence,Entropy
Sequence,Entropy
Sequence,Entropy
Sequence,Entropy
Sequence,Entropy
Sequence,Entropy
Sequence,Entropy
Sequence,Entropy
Sequence,Entropy
Sequence,Entropy
Sequence,Entropy
Sequence,Entropy
Sequence,Entropy
Sequence,Entropy
Sequence,Entropy
Sequence,Entropy
Sequence,Entropy
Sequence,Entropy
Sequence,Entropy
Sequence,Entropy
Sequence,Entropy
Sequence,Entropy
Sequence,Entropy
Sequence,Entropy
Sequence,Entropy
Sequence,Entropy
Sequence,Entropy
Sequence,Entropy
Sequence,Entropy
Sequence,Entropy
Sequence,Entropy
Sequence,Entropy
Sequence,Entropy
Sequence,Entropy
Sequence,Entropy
Sequence,Entropy
Sequence,Entropy
Sequence,Entropy
Sequence,Entropy
Sequence,Entropy
Sequence,Entropy
Sequence,Entropy
Sequence,Entropy
Sequence,Entropy
Sequence,Entropy
Sequence,Entropy
Sequence,Entropy
Sequence,Entropy
Sequence,Entropy
Sequence,Entropy
Sequence,Entropy
Sequence,Entropy
Sequence,Entropy
Sequence,Entropy
Sequence,Entropy
Sequence,Entropy
Sequence,Entropy
Sequence,Entropy
Sequence,Entropy
Sequence,Entropy
Sequence,Entropy
Sequence,Entropy
Sequence,Entropy
Sequence,Entropy
Sequence,Entropy
Sequence,Entropy
Sequence,Entropy
Sequence,Entropy
Sequence,Entropy
Sequence,Entropy
Sequence,Entropy
Sequence,Entropy
Sequence,Entropy
Sequence,Entropy
Sequence,Entropy
Sequence,Entropy
Sequence,Entropy
Sequence,Entropy
Sequence,Entropy
Sequence,Entropy
Sequence,Entropy
Sequence,Entropy
Sequence,Entropy
Sequence,Entropy
Sequence,Entropy
Sequence,Entropy
Sequence,Entropy
Sequence,Entropy
Sequence,Entropy
Sequence,Entropy
Sequence,Entropy
Sequence,Entropy
Sequence,Entropy
Sequence,Entropy
Sequence,Entropy
Sequence,Entropy
Sequence,Entropy
Sequence,Entropy
Sequence,Entropy
Sequence,Entropy
Sequence,Entropy
Sequence,Entropy
Sequence,Entropy
Sequence,Entropy
Sequence,Entropy
Sequence,Entropy
Sequence,Entropy
Sequence,Entropy
Sequence,Entropy
Sequence,Entropy
Sequence,Entropy
Sequence,Entropy
Sequence,Entropy
Sequence,Entropy
Sequence,Entropy
Sequence,Entropy
Sequence,Entropy
Sequence,Entropy
Sequence,Entropy
Sequence,Entropy
Sequence,Entropy
Sequence,Entropy
Sequence,Entropy
Sequence,Entropy
Sequence,Entropy
Sequence,Entropy
Sequence,Entropy
Sequence,Entropy
Sequence,Entropy
Sequence,Entropy
Sequence,Entropy
Sequence,Entropy
Sequence,Entropy
Sequence,Entropy
Sequence,Entropy
Sequence,Entropy
Sequence,Entropy
Sequence,Entropy
Sequence,Entropy
Sequence,Entropy
Sequence,Entropy
Sequence,Entropy
Sequence,Entropy
Sequence,Entropy
Sequence,Entropy
Sequence,Entropy
Sequence,Entropy
Sequence,Entropy
Sequence,Entropy
Sequence,Entropy
Sequence,Entropy
Sequence,Entropy
Sequence,Entropy
Sequence,Entropy
Sequence,Entropy
Sequence,Entropy
Sequence,Entropy
Sequence,Entropy
Sequence,Entropy
Sequence,Entropy
Sequence,Entropy
Sequence,Entropy
Sequence,Entropy
Sequence,Entropy
Sequence,Entropy
Sequence,Entropy
Sequence,Entropy
Sequence,Entropy
Sequence,Entropy
Sequence,Entropy
Sequence,Entropy
Sequence,Entropy
Sequence,Entropy
Sequence,Entropy
Sequence,Entropy
Sequence,Entropy
Sequence,Entropy
Sequence,Entropy
Sequence,Entropy
Sequence,Entropy
Sequence,Entropy
Sequence,Entropy
Sequence,Entropy
Sequence,Entropy
Sequence,Entropy
Sequence,Entropy
Sequence,Entropy
Sequence,Entropy
Sequence,Entropy
Sequence,Entropy
Sequence,Entropy
Sequence,Entropy
Sequence,Entropy
Sequence,Entropy
Sequence,Entropy
Sequence,Entropy
Sequence,Entropy
Sequence,Entropy
Sequence,Entropy
Sequence,Entropy
Sequence,Entropy
Sequence,Entropy
Sequence,Entropy
Sequence,Entropy
Sequence,Entropy
Sequence,Entropy
Sequence,Entropy
Sequence,Entropy
Sequence,Entropy
Sequence,Entropy
Sequence,Entropy
Sequence,Entropy
Sequence,Entropy
Sequence,Entropy
Sequence,Entropy
Sequence,Entropy
Sequence,Entropy
Sequence,Entropy
Sequence,Entropy
Sequence,Entropy
Sequence,Entropy
Sequence,Entropy
Sequence,Entropy
Sequence,Entropy
Sequence,Entropy
Sequence,Entropy
Sequence,Entropy
Sequence,Entropy
Sequence,Entropy
Sequence,Entropy
Sequence,Entropy
Sequence,Entropy
Sequence,Entropy
Sequence,Entropy
Sequence,Entropy
Sequence,Entropy
Sequence,Entropy
Sequence,Entropy
Sequence,Entropy
Sequence,Entropy
Sequence,Entropy
Sequence,Entropy
Sequence,Entropy
Sequence,Entropy
Sequence,Entropy
Sequence,Entropy
Sequence,Entropy
Sequence,Entropy
Sequence,Entropy
Sequence,Entropy
Sequence,Entropy
Sequence,Entropy
Sequence,Entropy
Sequence,Entropy
Sequence,Entropy
Sequence,Entropy
Sequence,Entropy
Sequence,Entropy
Sequence,Entropy
Sequence,Entropy
Sequence,Entropy
Sequence,Entropy
Sequence,Entropy
Sequence,Entropy
Sequence,Entropy
Sequence,Entropy
Sequence,Entropy
Sequence,Entropy
Sequence,Entropy
Sequence,Entropy
Sequence,Entropy
Sequence,Entropy
Sequence,Entropy
Sequence,Entropy
Sequence,Entropy
Sequence,Entropy
Sequence,Entropy
Sequence,Entropy
Sequence,Entropy
Sequence,Entropy
Sequence,Entropy
Sequence,Entropy
Sequence,Entropy
Sequence,Entropy
Sequence,Entropy
Sequence,Entropy
Sequence,Entropy
Sequence,Entropy
Sequence,Entropy
Sequence,Entropy
Sequence,Entropy
Sequence,Entropy
Sequence,Entropy
Sequence,Entropy
Sequence,Entropy
Sequence,Entropy
Sequence,Entropy
Sequence,Entropy
Sequence,Entropy
Sequence,Entropy
Sequence,Entropy
Sequence,Entropy
Sequence,Entropy
Sequence,Entropy
Sequence,Entropy
Sequence,Entropy
Sequence,Entropy
Sequence,Entropy
Sequence,Entropy
Sequence,Entropy
Sequence,Entropy
Sequence,Entropy
Sequence,Entropy
Sequence,Entropy
Sequence,Entropy
Sequence,Entropy
Sequence,Entropy
Sequence,Entropy
Sequence,Entropy
Sequence,Entropy
Sequence,Entropy
Sequence,Entropy
Sequence,Entropy
Sequence,Entropy
Sequence,Entropy
Sequence,Entropy
Sequence,Entropy
Sequence,Entropy
Sequence,Entropy
Sequence,Entropy
Sequence,Entropy
Sequence,Entropy
Sequence,Entropy
Sequence,Entropy
Sequence,Entropy
Sequence,Entropy
Sequence,Entropy
Sequence,Entropy
Sequence,Entropy
Sequence,Entropy
Sequence,Entropy
Sequence,Entropy
Sequence,Entropy
Sequence,Entropy
Sequence,Entropy
Sequence,Entropy
Sequence,Entropy
Sequence,Entropy
Sequence,Entropy
Sequence,Entropy
Sequence,Entropy
Sequence,Entropy
Sequence,Entropy
Sequence,Entropy
Sequence,Entropy
Sequence,Entropy
Sequence,Entropy
Sequence,Entropy
Sequence,Entropy
Sequence,Entropy
Sequence,Entropy
Sequence,Entropy
Sequence,Entropy
Sequence,Entropy
Sequence,Entropy
Sequence,Entropy
Sequence,Entropy
Sequence,Entropy
Sequence,Entropy
Sequence,Entropy
Sequence,Entropy
Sequence,Entropy
Sequence,Entropy
Sequence,Entropy
Sequence,Entropy
Sequence,Entropy
Sequence,Entropy
Sequence,Entropy
Sequence,Entropy
Sequence,Entropy
Sequence,Entropy
Sequence,Entropy
Sequence,Entropy
Sequence,Entropy
Sequence,Entropy
Sequence,Entropy
Sequence,Entropy
Sequence,Entropy
Sequence,Entropy
Sequence,Entropy
Sequence,Entropy
Sequence,Entropy
Sequence,Entropy
Sequence,Entropy
Sequence,Entropy
Sequence,Entropy
Sequence,Entropy
Sequence,Entropy
Sequence,Entropy
Sequence,Entropy
Sequence,Entropy
Sequence,Entropy
Sequence,Entropy
Sequence,Entropy
Sequence,Entropy
Sequence,Entropy
Sequence,Entropy
Sequence,Entropy
Sequence,Entropy
Sequence,Entropy
Sequence,Entropy
Sequence,Entropy
Sequence,Entropy
Sequence,Entropy
Sequence,Entropy
Sequence,Entropy
Sequence,Entropy
Sequence,Entropy
Sequence,Entropy
Sequence,Entropy
Sequence,Entropy
Sequence,Entropy
Sequence,Entropy
Sequence,Entropy
Sequence,Entropy
Sequence,Entropy
Sequence,Entropy
Sequence,Entropy
Sequence,Entropy
Sequence,Entropy
Sequence,Entropy
Sequence,Entropy
Sequence,Entropy
Sequence,Entropy
Sequence,Entropy
Sequence,Entropy
Sequence,Entropy
Sequence,Entropy
Sequence,Entropy
Sequence,Entropy
Sequence,Entropy
Sequence,Entropy
Sequence,Entropy
Sequence,Entropy
Sequence,Entropy
Sequence,Entropy
Sequence,Entropy
Sequence,Entropy
Sequence,Entropy
Sequence,Entropy
Sequence,Entropy
Sequence,Entropy
Sequence,Entropy
Sequence,Entropy
Sequence,Entropy
Sequence,Entropy
Sequence,Entropy
Sequence,Entropy
Sequence,Entropy
Sequence,Entropy
Sequence,Entropy
Sequence,Entropy
Sequence,Entropy
Sequence,Entropy
Sequence,Entropy
Sequence,Entropy
Sequence,Entropy
Sequence,Entropy
Sequence,Entropy
Sequence,Entropy
Sequence,Entropy
Sequence,Entropy
Sequence,Entropy
Sequence,Entropy
Sequence,Entropy
Sequence,Entropy
Sequence,Entropy
Sequence,Entropy
Sequence,Entropy
Sequence,Entropy
Sequence,Entropy
Sequence,Entropy
Sequence,Entropy
Sequence,Entropy
Sequence,Entropy
Sequence,Entropy
Sequence,Entropy
Sequence,Entropy
Sequence,Entropy
Sequence,Entropy
Sequence,Entropy
Sequence,Entropy
Sequence,Entropy
Sequence,Entropy
Sequence,Entropy
Sequence,Entropy
Sequence,Entropy
Sequence,Entropy
Sequence,Entropy
Sequence,Entropy
Sequence,Entropy
Sequence,Entropy
Sequence,Entropy
Sequence,Entropy
Sequence,Entropy
Sequence,Entropy
Sequence,Entropy
Sequence,Entropy
Sequence,Entropy
Sequence,Entropy
Sequence,Entropy
Sequence,Entropy
Sequence,Entropy
Sequence,Entropy
Sequence,Entropy
Sequence,Entropy
Sequence,Entropy
Sequence,Entropy
Sequence,Entropy
Sequence,Entropy
Sequence,Entropy
Sequence,Entropy
Sequence,Entropy
Sequence,Entropy
Sequence,Entropy
Sequence,Entropy
Sequence,Entropy
Sequence,Entropy
Sequence,Entropy
Sequence,Entropy
Sequence,Entropy
Sequence,Entropy
Sequence,Entropy
Sequence,Entropy
Sequence,Entropy
Sequence,Entropy
Sequence,Entropy
Sequence,Entropy
Sequence,Entropy
Sequence,Entropy
Sequence,Entropy
Sequence,Entropy
Sequence,Entropy
Sequence,Entropy
Sequence,Entropy
Sequence,Entropy
Sequence,Entropy
Sequence,Entropy
Sequence,Entropy
Sequence,Entropy
Sequence,Entropy
Sequence,Entropy
Sequence,Entropy
Sequence,Entropy
Sequence,Entropy
Sequence,Entropy
Sequence,Entropy
Sequence,Entropy
Sequence,Entropy
Sequence,Entropy
Sequence,Entropy
Sequence,Entropy
Sequence,Entropy
Sequence,Entropy
Sequence,Entropy
Sequence,Entropy
Sequence,Entropy
Sequence,Entropy
Sequence,Entropy
Sequence,Entropy
Sequence,Entropy
Sequence,Entropy
Sequence,Entropy
Sequence,Entropy
Sequence,Entropy
Sequence,Entropy
Sequence,Entropy
Sequence,Entropy
Sequence,Entropy
Sequence,Entropy
Sequence,Entropy
Sequence,Entropy
Sequence,Entropy
Sequence,Entropy
Sequence,Entropy
Sequence,Entropy
Sequence,Entropy
Sequence,Entropy
Sequence,Entropy
Sequence,Entropy
Sequence,Entropy
Sequence,Entropy
Sequence,Entropy
Sequence,Entropy
Sequence,Entropy
Sequence,Entropy
Sequence,Entropy
Sequence,Entropy
Sequence,Entropy
Sequence,Entropy
Sequence,Entropy
Sequence,Entropy
Sequence,Entropy
Sequence,Entropy
Sequence,Entropy
Sequence,Entropy
Sequence,Entropy
Sequence,Entropy
Sequence,Entropy
Sequence,Entropy
Sequence,Entropy
Sequence,Entropy
Sequence,Entropy
Sequence,Entropy
Sequence,Entropy
Sequence,Entropy
Sequence,Entropy
Sequence,Entropy
Sequence,Entropy
Sequence,Entropy
Sequence,Entropy
Sequence,Entropy
Sequence,Entropy
Sequence,Entropy
Sequence,Entropy
Sequence,Entropy
Sequence,Entropy
Sequence,Entropy
Sequence,Entropy
Sequence,Entropy
Sequence,Entropy
Sequence,Entropy
Sequence,Entropy
Sequence,Entropy
Sequence,Entropy
Sequence,Entropy
Sequence,Entropy
Sequence,Entropy
Sequence,Entropy
Sequence,Entropy
Sequence,Entropy
Sequence,Entropy
Sequence,Entropy
Sequence,Entropy
Sequence,Entropy
Sequence,Entropy
Sequence,Entropy
Sequence,Entropy
Sequence,Entropy
Sequence,Entropy
Sequence,Entropy
Sequence,Entropy
Sequence,Entropy
Sequence,Entropy
Sequence,Entropy
Sequence,Entropy
Sequence,Entropy
Sequence,Entropy
Sequence,Entropy
Sequence,Entropy
Sequence,Entropy
Sequence,Entropy
Sequence,Entropy
Sequence,Entropy
Sequence,Entropy
Sequence,Entropy
Sequence,Entropy
Sequence,Entropy
Sequence,Entropy
Sequence,Entropy
Sequence,Entropy
Sequence,Entropy
Sequence,Entropy
Sequence,Entropy
Sequence,Entropy
Sequence,Entropy
Sequence,Entropy
Sequence,Entropy
Sequence,Entropy
Sequence,Entropy
Sequence,Entropy
Sequence,Entropy
Sequence,Entropy
Sequence,Entropy
Sequence,Entropy
Sequence,Entropy
Sequence,Entropy
Sequence,Entropy
Sequence,Entropy
Sequence,Entropy
Sequence,Entropy
Sequence,Entropy
Sequence,Entropy
Sequence,Entropy
Sequence,Entropy
Sequence,Entropy
Sequence,Entropy
Sequence,Entropy
Sequence,Entropy
Sequence,Entropy
Sequence,Entropy
Sequence,Entropy
Sequence,Entropy
Sequence,Entropy
Sequence,Entropy
Sequence,Entropy
Sequence,Entropy
Sequence,Entropy
Sequence,Entropy
Sequence,Entropy
Sequence,Entropy
Sequence,Entropy
Sequence,Entropy
Sequence,Entropy
Sequence,Entropy
Sequence,Entropy
Sequence,Entropy
Sequence,Entropy
Sequence,Entropy
Sequence,Entropy
Sequence,Entropy
Sequence,Entropy
Sequence,Entropy
Sequence,Entropy
Sequence,Entropy
Sequence,Entropy
Sequence,Entropy
Sequence,Entropy
Sequence,Entropy
Sequence,Entropy
Sequence,Entropy
Sequence,Entropy
Sequence,Entropy
Sequence,Entropy
Sequence,Entropy
Sequence,Entropy
Sequence,Entropy
Sequence,Entropy
Sequence,Entropy
Sequence,Entropy
Sequence,Entropy
Sequence,Entropy
Sequence,Entropy
Sequence,Entropy
Sequence,Entropy
Sequence,Entropy
Sequence,Entropy
Sequence,Entropy
Sequence,Entropy
Sequence,Entropy
Sequence,Entropy
Sequence,Entropy
Sequence,Entropy
Sequence,Entropy
Sequence,Entropy
Sequence,Entropy
Sequence,Entropy
Sequence,Entropy
Sequence,Entropy
Sequence,Entropy
Sequence,Entropy
Sequence,Entropy
Sequence,Entropy
Sequence,Entropy
Sequence,Entropy
Sequence,Entropy
Sequence,Entropy
Sequence,Entropy
Sequence,Entropy
Sequence,Entropy
Sequence,Entropy
Sequence,Entropy
Sequence,Entropy
Sequence,Entropy
Sequence,Entropy
Sequence,Entropy
Sequence,Entropy
Sequence,Entropy
Sequence,Entropy
Sequence,Entropy
Sequence,Entropy
Sequence,Entropy
Sequence,Entropy
Sequence,Entropy
Sequence,Entropy
Sequence,Entropy
Sequence,Entropy
Sequence,Entropy
Sequence,Entropy
Sequence,Entropy
Sequence,Entropy
Sequence,Entropy
Sequence,Entropy
Sequence,Entropy
Sequence,Entropy
Sequence,Entropy
Sequence,Entropy
Sequence,Entropy
Sequence,Entropy
Sequence,Entropy
Sequence,Entropy
Sequence,Entropy
Sequence,Entropy
Sequence,Entropy
Sequence,Entropy
Sequence,Entropy
Sequence,Entropy
Sequence,Entropy
Sequence,Entropy
Sequence,Entropy
Sequence,Entropy
Sequence,Entropy
Sequence,Entropy
Sequence,Entropy
Sequence,Entropy
Sequence,Entropy
Sequence,Entropy
Sequence,Entropy
Sequence,Entropy
Sequence,Entropy
Sequence,Entropy
Sequence,Entropy
Sequence,Entropy
Sequence,Entropy
Sequence,Entropy
Sequence,Entropy
Sequence,Entropy
Sequence,Entropy
Sequence,Entropy
Sequence,Entropy
Sequence,Entropy
Sequence,Entropy
Sequence,Entropy
Sequence,Entropy
Sequence,Entropy
Sequence,Entropy
Sequence,Entropy
Sequence,Entropy
Sequence,Entropy
Sequence,Entropy
Sequence,Entropy
Sequence,Entropy
Sequence,Entropy
Sequence,Entropy
Sequence,Entropy
Sequence,Entropy
Sequence,Entropy
Sequence,Entropy
Sequence,Entropy
Sequence,Entropy
Sequence,Entropy
Sequence,Entropy
Sequence,Entropy
Sequence,Entropy
Sequence,Entropy
Sequence,Entropy
Sequence,Entropy
Sequence,Entropy
Sequence,Entropy
Sequence,Entropy
Sequence,Entropy
Sequence,Entropy
Sequence,Entropy
Sequence,Entropy
Sequence,Entropy
Sequence,Entropy
Sequence,Entropy
Sequence,Entropy
Sequence,Entropy
Sequence,Entropy
Sequence,Entropy
Sequence,Entropy
Sequence,Entropy
Sequence,Entropy
Sequence,Entropy
Sequence,Entropy
Sequence,Entropy
Sequence,Entropy
Sequence,Entropy
Sequence,Entropy
Sequence,Entropy
Sequence,Entropy
Sequence,Entropy
Sequence,Entropy
Sequence,Entropy
Sequence,Entropy
Sequence,Entropy
Sequence,Entropy
Sequence,Entropy
Sequence,Entropy
Sequence,Entropy
Sequence,Entropy
Sequence,Entropy
Sequence,Entropy
Sequence,Entropy
Sequence,Entropy
Sequence,Entropy
Sequence,Entropy
Sequence,Entropy
Sequence,Entropy
Sequence,Entropy
Sequence,Entropy
Sequence,Entropy
Sequence,Entropy
Sequence,Entropy
Sequence,Entropy
Sequence,Entropy
Sequence,Entropy
Sequence,Entropy
Sequence,Entropy
Sequence,Entropy
Sequence,Entropy
Sequence,Entropy
Sequence,Entropy
Sequence,Entropy
Sequence,Entropy
Sequence,Entropy
Sequence,Entropy
Sequence,Entropy
Sequence,Entropy
Sequence,Entropy
Sequence,Entropy
Sequence,Entropy
Sequence,Entropy
Sequence,Entropy
Sequence,Entropy
Sequence,Entropy
Sequence,Entropy
Sequence,Entropy
Sequence,Entropy
Sequence,Entropy
Sequence,Entropy
Sequence,Entropy
Sequence,Entropy
Sequence,Entropy
Sequence,Entropy
Sequence,Entropy
Sequence,Entropy
Sequence,Entropy
Sequence,Entropy
Sequence,Entropy
Sequence,Entropy
Sequence,Entropy
Sequence,Entropy
Sequence,Entropy
Sequence,Entropy
Sequence,Entropy
Sequence,Entropy
Sequence,Entropy
Sequence,Entropy
Sequence,Entropy
Sequence,Entropy
Sequence,Entropy
Sequence,Entropy
Sequence,Entropy
Sequence,Entropy
Sequence,Entropy
Sequence,Entropy
Sequence,Entropy
Sequence,Entropy
Sequence,Entropy
Sequence,Entropy
Sequence,Entropy
Sequence,Entropy
Sequence,Entropy
Sequence,Entropy
Sequence,Entropy
Sequence,Entropy
Sequence,Entropy
Sequence,Entropy
Sequence,Entropy
Sequence,Entropy
Sequence,Entropy
Sequence,Entropy
Sequence,Entropy
